{
  "columns": [
    "action",
    "pixels",
    "proprio",
    "state"
  ],
  "config": {
    "batch_size": 32,
    "cache_state": "fixed-index OS page cache primed before measurement",
    "frameskip": 5,
    "measured_batches": 30,
    "num_steps": 4,
    "num_workers": 0,
    "prefetch_factor": 3,
    "priming_rounds": 1,
    "rounds": 5,
    "seed": 20260723,
    "warmup_batches": 3
  },
  "fast_dir": "/data/junhan/clear_fast_four_task_20260723/snapshots/pusht",
  "fast_speedup": 5.660304094470639,
  "host": "zp-nc68",
  "median_samples_per_second": {
    "fast": 4026.8041526308216,
    "source": 711.4112749815812
  },
  "paired_speedup_median": 5.7748440516151085,
  "paired_speedups": [
    5.976432992142668,
    5.513032787592261,
    5.7748440516151085,
    5.712804852692109,
    5.775845463598915
  ],
  "rate_cv": {
    "fast": 0.06856409444065695,
    "source": 0.06982933946496894
  },
  "samples_per_second": {
    "fast": [
      4025.5229904746097,
      4026.8041526308216,
      4108.289169579304,
      3566.7691396493556,
      4431.701137901243
    ],
    "source": [
      673.5661548898887,
      730.4154188405383,
      711.4112749815812,
      624.3463992943058,
      767.2818058985707
    ]
  },
  "scope": "steady-state loader-only after untimed fixed-index priming; no model forward/backward or image transform",
  "source": "pusht_expert_train.lance",
  "task": "pusht"
}
